<?xml version="1.0" encoding="UTF-8"?>
<project-private xmlns="http://www.netbeans.org/ns/project-private/1">
    <editor-bookmarks xmlns="http://www.netbeans.org/ns/editor-bookmarks/2" lastBookmarkId="0"/>
    <open-files xmlns="http://www.netbeans.org/ns/projectui-open-files/2">
        <group>
            <file>file:/D:/xampp7/htdocs/admissions-laravel/app/Http/routes.php</file>
            <file>file:/D:/xampp7/htdocs/admissions-laravel/resources/views/applicants/grades.blade.php</file>
            <file>file:/D:/xampp7/htdocs/admissions-laravel/resources/views/applicants/preview.blade.php</file>
            <file>file:/D:/xampp7/htdocs/admissions-laravel/app/Http/Controllers/FormController.php</file>
            <file>file:/D:/xampp7/htdocs/admissions-laravel/app/Http/Controllers/SystemController.php</file>
        </group>
    </open-files>
</project-private>
